[{"QnNo":1,"qQn":"sd","OpA":"df","OpB":"hg","OpC":"hg","OpD":"vc","Ans":"poi"},{"QnNo":2,"qQn":"sdf","OpA":"df","OpB":"hg","OpC":"hg","OpD":"vc","Ans":"poi"},{"QnNo":3,"qQn":"sd","OpA":"df","OpB":"hg","OpC":"hg","OpD":"vc","Ans":"poi"},{"QnNo":4,"qQn":"we","OpA":"df","OpB":"hg","OpC":"hg","OpD":"vc","Ans":"poi"},{"QnNo":5,"qQn":"werf","OpA":"df","OpB":"hg","OpC":"hg","OpD":"vc","Ans":"poi"},{"QnNo":6,"qQn":"bvc","OpA":"df","OpB":"hg","OpC":"hg","OpD":"vc","Ans":"poi"},{"QnNo":7,"qQn":"sdf","OpA":"df","OpB":"hg","OpC":"hg","OpD":"vc","Ans":"poi"},{"QnNo":8,"qQn":"ytr","OpA":"df","OpB":"hg","OpC":"hg","OpD":"vc","Ans":"poi"}]